model,accuracy,precision,recall,f1,roc_auc
HistGradientBoosting,0.7572746628814763,0.5282685512367491,0.7994652406417112,0.6361702127659574,0.845734842026402
Logistic Regression,0.7395315826827538,0.5059021922428331,0.8021390374331551,0.6204756980351603,0.8446743651347233
Random Forest,0.7537260468417317,0.5236427320490368,0.7994652406417112,0.6328042328042328,0.8444095688341213
